<tips>
  <tip file="Welcome.html"/>
  <tip file="CommanderAndEditor.html"/>
  <tip file="ProjectAndStructureView.html"/>
  <tip file="ViewStructure.html"/>
  <tip file="CodeCompletion.html"/>
  <tip file="GoToDeclaration.html"/>
  <tip file="MenuItemsDescriptions.html"/>
  <tip file="ClassByName.html"/>
  <tip file="FindUsages.html"/>
  <tip file="F12.html"/>
  <tip file="CtrlShiftF4.html"/>
  <tip file="InsertInCommander.html"/>
  <tip file="OverrideImplementMethods.html"/>
  <tip file="AutoindentPastedBlock.html"/>
  <tip file="InsertImportsOnPaste.html"/>
  <tip file="ExternalJavaDoc.html"/>
  <tip file="SmartTypeCompletion.html"/>
  <tip file="SurroundWithTryCatch.html"/>
  <tip file="Rename.html"/>
  <tip file="QuickInfo.html"/>
  <tip file="VariableNameCompletion.html"/>
  <tip file="ClassNameCompletion.html"/>
  <tip file="IntroduceVariable.html"/>
  <tip file="CtrlW.html"/>
  <tip file="InsertInEditor.html"/>
  <tip file="CtrlD.html"/>
  <tip file="CommentCode.html"/>
  <tip file="SelectIn.html"/>
  <tip file="Move.html"/>
  <tip file="ExportUsageTree.html"/>
  <tip file="SpeedSearchInCommander.html"/>
  <tip file="DisableAutopopup.html"/>
  <tip file="ParameterInfo.html"/>
  <tip file="SmartTypeAfterNew.html"/>
  <tip file="QuickInfoInLookups.html"/>
  <tip file="CopyWithNoSelection.html"/>
  <tip file="SmartEnter.html"/>
  <tip file="SmartEnd.html"/>
  <tip file="SmartTypeAnonymous.html"/>
  <tip file="NavigateFromStackTrace.html"/>
  <tip file="AutoindentClosingBrace.html"/>
  <tip file="Undo.html"/>
  <tip file="SmartTypeCasting.html"/>
  <tip file="CtrlPgUpInCommander.html"/>
  <tip file="SynchronizeViewsInCommander.html"/>
  <tip file="TurnOffAutosynchronize.html"/>
</tips>