<?xml version='1.0' encoding='ISO-8859-1'  ?>
<!DOCTYPE toc
  PUBLIC "-//Sun Microsystems Inc.//DTD JavaHelp TOC Version 1.0//EN"
         "http://java.sun.com/products/javahelp/toc_1_0.dtd">
<toc version="1.0">

   <tocitem text="IntelliJ IDEA" target="" image="root">
     <tocitem text="Managing projects" target="project" image="folder">
        <tocitem text="Creating new projects" target="project.new" image="doc"/>
        <tocitem text="Configuring projects" target="project.properties" image="doc"/>
     </tocitem>
     <tocitem text="Managing files" target="managingFiles" image="doc"/>
     <tocitem text="Editing sources" target="editing" image="folder">
        <tocitem text="Opening files" target="editing.opening" image="doc"/>
        <tocitem text="Viewing file structure" target="editing.structure" image="doc"/>
        <tocitem text="Working with Code Templates" target="editing.templates" image="doc"/>
        <tocitem text="Advanced code editing" target="editing.advanced" image="doc"/>
        <tocitem text="Editor shortcuts" target="editing.shortcuts" image="folder">
          <tocitem text="Navigation shortcuts" target="editing.shortcuts.navigation" image="doc"/>
          <tocitem text="Edit shortcuts" target="editing.shortcuts.edit" image="doc"/>
          <tocitem text="Special Java shortcuts" target="editing.shortcuts.java" image="doc"/>
        </tocitem>
     </tocitem>
     <tocitem text="Compiling" target="compiling" image="doc"/>
     <tocitem text="Debugging" target="debugging" image="doc"/>

     <tocitem text="Searching usages" target="find.findUsages" image="folder">
        <tocitem text="Options for package" target="find.findPackageUsages" image="doc"/>
        <tocitem text="Options for class or interface" target="find.findClassUsages" image="doc"/>
        <tocitem text="Options for method" target="find.findMethodUsages" image="doc"/>
        <tocitem text="Options for field, local variable, and method parameters" target="find.findVariableUsages" image="doc"/>
     </tocitem>

     <tocitem text="Refactoring the code" target="refactoring" image="folder">
        <!-- tocitem text="How to rename" target="refactoring.rename" image="doc"/ -->
        <!-- tocitem text="How to move" target="refactoring.move" image="doc"/ -->
        <!-- tocitem text="How to use migration" target="refactoring.migrate" image="doc"/-->
        <tocitem text="Rename Package" target="refactoring.renamePackage" image="doc"/>
        <tocitem text="Rename Class" target="refactoring.renameClass" image="doc"/>
        <tocitem text="Rename Method" target="refactoring.renameMethod" image="doc"/>
        <tocitem text="Rename Field" target="refactoring.renameField" image="doc"/>
        <tocitem text="Rename Local Variable" target="refactoring.renameVariable" image="doc"/>
        <tocitem text="Rename Method Parameter" target="refactoring.renameParameter" image="doc"/>
        <tocitem text="Move Package" target="refactoring.movePackage" image="doc"/>
        <tocitem text="Move Class" target="refactoring.moveClass" image="doc"/>
        <tocitem text="Extract Method" target="refactoring.extractMethod" image="doc"/>
        <tocitem text="Introduce Variable" target="refactoring.introduceVariable" image="doc"/>
     </tocitem>

     <!-- tocitem text="Search Result Window" target="refactoring.usagesView" image="doc"/ -->

     <!-- tocitem text="How to Use Commander" target="commander.commander" image="doc"/ -->
   </tocitem>
</toc>
