<?xml version='1.0' encoding='ISO-8859-1' ?>
<!DOCTYPE map
  PUBLIC "-//Sun Microsystems Inc.//DTD JavaHelp Map Version 1.0//EN"
         "http://java.sun.com/products/javahelp/map_1_0.dtd">

<map version="1.0">
        <!--mapID target="toplevelfolder" url="images/toplevel.gif" /-->
        <mapID target="" url="index.html" />

        <mapID target="root" url="images/icon_small.gif" />
        <mapID target="folder" url="images/folder.gif" />
        <mapID target="doc" url="images/textFile.gif" />
        <mapID target="top" url="index.html" />

        <mapID target="refactoring" url="refactoring/index.html" />
        <mapID target="refactoring.migration" url="refactoring/index.html#migration" />
        <mapID target="refactoring.renamePackage" url="refactoring/renamePackage.html" />
        <mapID target="refactoring.renameClass" url="refactoring/renameClass.html" />
        <mapID target="refactoring.renameMethod" url="refactoring/renameMethod.html" />
        <mapID target="refactoring.renameField" url="refactoring/renameField.html" />
        <mapID target="refactoring.renameVariable" url="refactoring/renameVariable.html" />
        <mapID target="refactoring.renameParameter" url="refactoring/renameParameter.html" />
        <mapID target="refactoring.movePackage" url="refactoring/movePackage.html" />
        <mapID target="refactoring.moveClass" url="refactoring/moveClass.html" />
        <mapID target="refactoring.extractMethod" url="refactoring/extractMethod.html" />
        <mapID target="refactoring.introduceVariable" url="refactoring/introduceVariable.html" />

        <mapID target="find.findUsages" url="usageSearch/index.html" />
        <mapID target="find.findPackageUsages" url="usageSearch/package.html" />
        <mapID target="find.findClassUsages" url="usageSearch/class.html" />
        <mapID target="find.findMethodUsages" url="usageSearch/method.html" />
        <mapID target="find.findFieldUsages" url="usageSearch/variable.html" />
        <mapID target="find.findVariableUsages" url="usageSearch/variable.html" />
        <mapID target="find.findParameterUsages" url="usageSearch/variable.html" />

        <mapID target="project" url="project/index.html" />
        <mapID target="project.new" url="project/new.html" />
        <mapID target="project.properties" url="project/properties.html" />

        <mapID target="managingFiles" url="managingFiles/index.html" />

        <mapID target="editing" url="editing/index.html" />
        <mapID target="editing.opening" url="editing/opening.html" />
        <mapID target="editing.structure" url="editing/structure.html" />
        <mapID target="editing.templates" url="editing/templates.html" />
        <mapID target="editing.advanced" url="editing/advanced.html" />
        <mapID target="editing.shortcuts" url="editing/shortcuts.html" />
        <mapID target="editing.shortcuts.navigation" url="editing/navigationShortcuts.html" />
        <mapID target="editing.shortcuts.edit" url="editing/editShortcuts.html" />
        <mapID target="editing.shortcuts.java" url="editing/javaShortcuts.html" />

        <mapID target="compiling" url="compiling/index.html" />
        <mapID target="debugging" url="debugging/index.html" />
</map>
